exam_id|medium|standard|division|subject_id|exam_type_id|exam_code|exam_date|total_questions|total_marks|assessment_year|exam_type|subject_name
1|Hindi|3|A|1|2|PAT030129072020|2020-07-29|5|25|2020-21|Periodic Assessment|Subject1
2|Hindi|3|A|2|2|PAT030230072020|2020-07-30|5|25|2020-21|Periodic Assessment|Subject2
3|Hindi|4|A|1|2|PAT040129072020|2020-07-29|5|25|2020-21|Periodic Assessment|Subject1
4|Hindi|4|A|2|2|PAT040230072020|2020-07-30|5|25|2020-21|Periodic Assessment|Subject2
5|Hindi|5|A|1|2|PAT050129072020|2020-07-29|5|25|2020-21|Periodic Assessment|Subject1
6|Hindi|5|A|2|2|PAT050230072020|2020-07-30|5|25|2020-21|Periodic Assessment|Subject2
7|Hindi|6|A|1|2|PAT060129072020|2020-07-29|5|25|2020-21|Periodic Assessment|Subject1
8|Hindi|6|A|2|2|PAT060230072020|2020-07-30|5|25|2020-21|Periodic Assessment|Subject2
9|Hindi|7|A|1|2|PAT070129072020|2020-07-29|5|25|2020-21|Periodic Assessment|Subject1
10|Hindi|7|A|2|2|PAT070230072020|2020-07-30|5|25|2020-21|Periodic Assessment|Subject2
11|Hindi|8|A|1|2|PAT080129072020|2020-07-29|5|25|2020-21|Periodic Assessment|Subject1
12|Hindi|8|A|2|2|PAT080230072020|2020-07-30|5|25|2020-21|Periodic Assessment|Subject2
